nameWithOwner,pullRequests
EbookFoundation/free-programming-books,6449
jwasham/coding-interview-university,397
kamranahmedse/developer-roadmap,1803
996icu/996.ICU,1049
donnemartin/system-design-primer,196
trekhleb/javascript-algorithms,288
TheAlgorithms/Python,2739
torvalds/linux,9
ohmyzsh/ohmyzsh,3084
twbs/bootstrap,8679
flutter/flutter,36512
ossu/computer-science,256
Significant-Gravitas/AutoGPT,1543
github/gitignore,1523
jackfrued/Python-100-Days,13
jlevy/the-art-of-command-line,317
Snailclimb/JavaGuide,989
ytdl-org/youtube-dl,1623
AUTOMATIC1111/stable-diffusion-webui,1708
trimstray/the-book-of-secret-knowledge,122
huggingface/transformers,11993
vercel/next.js,16431
avelino/awesome-go,3125
yangshun/tech-interview-handbook,456
kubernetes/kubernetes,57925
microsoft/PowerToys,4554
nodejs/node,7726
f/awesome-chatgpt-prompts,114
Genymobile/scrcpy,77
mrdoob/three.js,12075
goldbergyoni/nodebestpractices,765
rust-lang/rust,53886
GrowingGit/GitHub-Chinese-Top-Charts,0
PanJiaChen/vue-element-admin,312
521xueweihan/HelloGitHub,17
nvbn/thefuck,482
ripienaar/free-for-dev,2434
gothinkster/realworld,427
pytorch/pytorch,5673
tauri-apps/tauri,3808
django/django,8856
Hack-with-Github/Awesome-Hacking,29
sveltejs/svelte,3677
bitcoin/bitcoin,13857
gin-gonic/gin,989
tonsky/FiraCode,132
MisterBooo/LeetCodeAnimation,63
FortAwesome/Font-Awesome,202
spring-projects/spring-boot,42
excalidraw/excalidraw,3288
yt-dlp/yt-dlp,1941
netdata/netdata,8143
moby/moby,19574
base-org/node,90
DopplerHQ/awesome-interview-questions,175
microsoft/ML-For-Beginners,354
coder/code-server,1429
supabase/supabase,8105
nestjs/nest,6077
protocolbuffers/protobuf,5030
chartjs/Chart.js,2933
MunGell/awesome-for-beginners,335
FuelLabs/sway,2737
rustdesk/rustdesk,2415
leonardomso/33-js-concepts,236
ansible/ansible,37799
keras-team/keras,3282
reduxjs/redux,1666
2dust/v2rayN,127
atom/atom,3937
hoppscotch/hoppscotch,1397
Anduin2017/HowToCook,484
strapi/strapi,7814
xingshaocheng/architect-awesome,49
syncthing/syncthing,2490
junegunn/fzf,452
angular/angular.js,789
openai/whisper,95
h5bp/Front-end-Developer-Interview-Questions,472
jquery/jquery,711
lodash/lodash,577
apache/echarts,1271
apache/superset,12192
FuelLabs/fuel-core,893
chrislgarry/Apollo-11,326
d2l-ai/d2l-zh,1020
bradtraversy/design-resources-for-developers,888
sindresorhus/awesome-nodejs,406
openai/openai-cookbook,475
obsproject/obs-studio,4468
spring-projects/spring-framework,827
rails/rails,23025
Eugeny/tabby,1445
ggerganov/llama.cpp,2146
scutan90/DeepLearning-500-questions,302
binhnguyennus/awesome-scalability,32
alacritty/alacritty,1756
ollama/ollama,887
nuxt/nuxt,4553
Alvin9999/new-pac,0
ocornut/imgui,339
gatsbyjs/gatsby,18067
fffaraz/awesome-cpp,680
shadcn-ui/ui,308
ElemeFE/element,3231
binary-husky/gpt_academic,146
azl397985856/leetcode,256
prakhar1989/awesome-courses,194
caddyserver/caddy,1828
danielmiessler/SecLists,559
prometheus/prometheus,5937
facebook/docusaurus,4989
meta-llama/llama,50
localstack/localstack,4675
remix-run/react-router,2076
necolas/normalize.css,56
ageitgey/face_recognition,94
Solido/awesome-flutter,420
sherlock-project/sherlock,537
scrapy/scrapy,2103
CorentinJ/Real-Time-Voice-Cloning,48
ionic-team/ionic-framework,5536
PlexPt/awesome-chatgpt-prompts-zh,32
nektos/act,874
git/git,3
google/guava,506
soimort/you-get,572
deepfakes/faceswap,355
juliangarnier/anime,72
rust-lang/rustlings,848
jekyll/jekyll,3123
tldr-pages/tldr,10075
prettier/prettier,7917
AppFlowy-IO/AppFlowy,2313
moment/moment,714
ReactiveX/RxJava,3190
traefik/traefik,4021
JetBrains/kotlin,2054
commaai/openpilot,9312
NARKOZ/hacker-scripts,63
NationalSecurityAgency/ghidra,415
DefinitelyTyped/DefinitelyTyped,49137
lencx/ChatGPT,122
jgraph/drawio-desktop,19
ultralytics/yolov5,2073
algorithm-visualizer/algorithm-visualizer,183
xai-org/grok-1,5
sharkdp/bat,1274
mozilla/pdf.js,7028
mastodon/mastodon,14148
TryGhost/Ghost,10446
FiloSottile/mkcert,52
tiimgreen/github-cheat-sheet,129
square/okhttp,3350
iperov/DeepFaceLab,32
ziishaned/learn-regex,124
charlax/professional-programming,36
v2ray/v2ray-core,203
vuejs/core,2394
gogs/gogs,1665
karan/Projects,19
android/architecture-samples,222
justjavac/awesome-wechat-weapp,276
jestjs/jest,5457
FuelLabs/fuels-rs,688
FuelLabs/fuels-ts,1057
wagoodman/dive,141
kamranahmedse/design-patterns-for-humans,49
aymericdamien/TensorFlow-Examples,88
PowerShell/PowerShell,6743
PKUFlyingPig/cs-self-learning,226
dair-ai/Prompt-Engineering-Guide,267
Avik-Jain/100-Days-Of-ML-Code,6
babel/babel,5635
astaxie/build-web-application-with-golang,757
gorhill/uBlock,232
vercel/hyper,3260
laurent22/joplin,2975
Z4nzu/hackingtool,55
romkatv/powerlevel10k,153
pixijs/pixijs,3255
rust-unofficial/awesome-rust,1317
firstcontributions/first-contributions,69564
pmndrs/zustand,601
nocodb/nocodb,2935
k88hudson/git-flight-rules,222
isocpp/CppCoreGuidelines,798
jakevdp/PythonDataScienceHandbook,28
poteto/hiring-without-whiteboards,1251
ruanyf/weekly,82
dypsilon/frontend-dev-bookmarks,129
Asabeneh/30-Days-Of-JavaScript,98
bailicangdu/vue2-elm,21
google/zx,144
Unitech/pm2,543
Alamofire/Alamofire,630
streamich/react-use,1498
nwjs/nw.js,573
brillout/awesome-react-components,319
n8n-io/n8n,5800
firstcontributions/first-contributions,69564
pmndrs/zustand,601
nocodb/nocodb,2935
k88hudson/git-flight-rules,222
go-gitea/gitea,15156
isocpp/CppCoreGuidelines,798
jakevdp/PythonDataScienceHandbook,28
poteto/hiring-without-whiteboards,1251
ruanyf/weekly,82
dypsilon/frontend-dev-bookmarks,129
Asabeneh/30-Days-Of-JavaScript,98
bailicangdu/vue2-elm,21
google/zx,144
Unitech/pm2,543
Alamofire/Alamofire,630
streamich/react-use,1498
nwjs/nw.js,573
brillout/awesome-react-components,319
n8n-io/n8n,5800
yangshun/front-end-interview-handbook,259
GitSquared/edex-ui,399
nlohmann/json,703
akullpp/awesome-java,676
dkhamsing/open-source-ios-apps,1060
type-challenges/type-challenges,532
react-hook-form/react-hook-form,1901
dcloudio/uni-app,246
faif/python-patterns,262
Homebrew/brew,10419
Dogfalo/materialize,449
THUDM/ChatGLM-6B,48
quilljs/quill,353
skylot/jadx,455
RocketChat/Rocket.Chat,11885
fastlane/fastlane,6135
alex/what-happens-when,108
nolimits4web/swiper,562
jgraph/drawio,36
kelseyhightower/kubernetes-the-hard-way,69
geekan/MetaGPT,504
apachecn/ailearning,477
PaddlePaddle/PaddleOCR,2297
impress/impress.js,120
chubin/cheat.sh,122
floodsung/Deep-Learning-Papers-Reading-Roadmap,28
LeCoupa/awesome-cheatsheets,163
PhilJay/MPAndroidChart,190
php/php-src,2249
prisma/prisma,5136
google-research/bert,32
tabler/tabler,462
alist-org/alist,522
google/styleguide,155
chakra-ui/chakra-ui,2263
sudheerj/reactjs-interview-questions,137
freefq/free,0
metabase/metabase,20254
iina/iina,612
acmesh-official/acme.sh,1280
0voice/interview_internal_reference,35
lyswhut/lx-music-desktop,30
pingcap/tidb,27552
QSCTech/zju-icicles,205
bannedbook/fanqiang,3
Stability-AI/stablediffusion,18
spf13/cobra,573
DovAmir/awesome-design-patterns,30
GokuMohandas/Made-With-ML,147
lerna/lerna,935
open-guides/og-aws,498
AobingJava/JavaFamily,2
vlang/v,10164
cli/cli,2014
exacity/deeplearningbook-chinese,16
alvarotrigo/fullPage.js,301
sickcodes/Docker-OSX,98
byoungd/English-level-up-tips,24
istio/istio,24486
koajs/koa,480
sahat/hackathon-starter,323
mingrammer/diagrams,254
shadowsocks/shadowsocks-android,252
NervJS/taro,3048
nativefier/nativefier,261
chenfei-wu/TaskMatrix,21
nodejs/node-v0.x-archive,218
TencentARC/GFPGAN,14
bumptech/glide,537
dotnet/aspnetcore,15216
coreybutler/nvm-windows,94
mitmproxy/mitmproxy,2224
unknwon/the-way-to-go_ZH_CN,592
odoo/odoo,6169
formulahendry/955.WLB,18
curl/curl,175
carbon-app/carbon,660
BVLC/caffe,1087
openai/gym,999
zenorocha/clipboard.js,117
ClickHouse/ClickHouse,35606
cockroachdb/cockroach,53539
webtorrent/webtorrent,846
geekan/HowToLiveLonger,13
microsoft/calculator,825
donnemartin/interactive-coding-challenges,176
explosion/spaCy,3535
doocs/leetcode,2254
expo/expo,12136
tastejs/todomvc,753
kodecocodes/swift-algorithm-club,608
SerenityOS/serenity,17591
floating-ui/floating-ui,951
labstack/echo,563
herrbischoff/awesome-macos-command-line,104
AykutSarac/jsoncrack.com,74
VincentGarreau/particles.js,21
codepath/android_guides,10
kenwheeler/slick,242
trailofbits/algo,526
dromara/hutool,396
calcom/cal.com,6372
postcss/postcss,721
gradio-app/gradio,3083
veggiemonk/awesome-docker,898
jaywcjlove/linux-command,308
OAI/OpenAPI-Specification,873
jashkenas/backbone,879
Ebazhanov/linkedin-skill-assessments-quizzes,5577
lukasz-madon/awesome-remote-job,551
acheong08/ChatGPT,294
mattermost/mattermost,15581
lovell/sharp,275
wuyouzhuguli/SpringAll,1
facebookresearch/faiss,135
cheeriojs/cheerio,2087
ZuzooVn/machine-learning-for-software-engineers,58
google/jax,8764
balena-io/etcher,1705
open-mmlab/mmdetection,2358
realpython/python-guide,681
GitHubDaily/GitHubDaily,3
encode/django-rest-framework,2931
pmndrs/react-spring,402
ChartsOrg/Charts,418
jashkenas/underscore,743
facebook/rocksdb,602
JedWatson/react-select,1040
alibaba/spring-cloud-alibaba,962
AllThingsSmitty/css-protips,67
mlabonne/llm-course,1
remix-run/remix,3053
Homebrew/legacy-homebrew,222
YMFE/yapi,141
digitalocean/nginxconfig.io,183
immerjs/immer,367
geekcompany/ResumeSample,2
fzaninotto/Faker,823
qier222/YesPlayMusic,273
houshanren/hangzhou_house_knowledge,6
GorvGoyl/Clone-Wars,127
viraptor/reverse-interview,72
alpinejs/alpine,613
angular/angular-cli,9682
Automattic/mongoose,2866
codemirror/codemirror5,589
nvie/gitflow,36
rethinkdb/rethinkdb,460
ajaxorg/ace,1748
ToolJet/ToolJet,4244
milvus-io/milvus,16970
OWASP/CheatSheetSeries,831
GitbookIO/gitbook,235
k3s-io/k3s,3154
google/python-fire,86
penpot/penpot,2568
schollz/croc,172
numpy/numpy,11220
facebookresearch/Detectron,0
maybe-finance/maybe,246
backstage/backstage,14676
go-kit/kit,479
statelyai/xstate,1784
tj/commander.js,707
linexjlin/GPTs,38
JushBJJ/Mr.-Ranedeer-AI-Tutor,19
bvaughn/react-virtualized,453
dokku/dokku,3427
lutzroeder/netron,1
servo/servo,16032
rstacruz/nprogress,34
eugeneyan/applied-ml,207
JakeChampion/fetch,196
huiyadanli/RevokeMsgPatcher,8
select2/select2,708
pmndrs/react-three-fiber,565
mckaywrigley/chatbot-ui,262
vadimdemedes/ink,201
ggreer/the_silver_searcher,399
mpv-player/mpv,2332
astral-sh/ruff,5876
qiurunze123/miaosha,20
tj/commander.js,707
remy/nodemon,303
helm/helm,3568
OpenBB-finance/OpenBBTerminal,3571
MonitorControl/MonitorControl,202
rstacruz/nprogress,34
hashicorp/vagrant,2669
xinntao/Real-ESRGAN,21
request/request,650
alibaba/fastjson,418
Modernizr/Modernizr,805
astral-sh/ruff,5876
spf13/viper,398
cmderdev/cmder,420
dwmkerr/hacker-laws,174
pola-rs/polars,7629
dmlc/xgboost,4056
swagger-api/swagger-ui,2973
mongodb/mongo,125
coder2gwy/coder2gwy,2
ycm-core/YouCompleteMe,778
google/mediapipe,163
spipm/Depix,14
hollischuang/toBeTopJavaer,52
LC044/WeChatMsg,61
gchq/CyberChef,425
ageron/handson-ml,56
llvm/llvm-project,12888
mbeaudru/modern-js-cheatsheet,83
proxyee-down-org/proxyee-down,16
qianguyihao/Web,0
SDWebImage/SDWebImage,918
apache/incubator-seata,2058
kataras/iris,389
getredash/redash,3073
nylas/nylas-mail,139
Vision-CAIR/MiniGPT-4,19
rollup/rollup,1862
vercel/turbo,4494
discordjs/discord.js,4337
scwang90/SmartRefreshLayout,12
imDazui/Tvlist-awesome-m3u-m3u8,1
python-telegram-bot/python-telegram-bot,1317
greenrobot/EventBus,31
s0md3v/roop,82
derailed/k9s,578
google-research/tuning_playbook,13
openfaas/faas,678
feathericons/feather,110
fish-shell/fish-shell,1820
vuejs/devtools,283
withfig/autocomplete,1442
telegramdesktop/tdesktop,1454
datasciencemasters/go,48
Asabeneh/30-Days-Of-React,10
vercel/pkg,176
viatsko/awesome-vscode,243
ReactiveX/RxSwift,781
mbadolato/iTerm2-Color-Schemes,294
eslint/eslint,5930
matterport/Mask_RCNN,65
CymChad/BaseRecyclerViewAdapterHelper,191
ossrs/srs,414
openssl/openssl,130
rwaldron/idiomatic.js,114
iview/iview,526
tmrts/go-patterns,10
mantinedev/mantine,1164
sirupsen/logrus,404
upscayl/upscayl,49
johnpapa/angular-styleguide,331
TanStack/table,817
mli/paper-reading,11
neoclide/coc.nvim,775
inconshreveable/ngrok,34
hwdsl2/setup-ipsec-vpn,43
utmapp/UTM,214
Netflix/Hystrix,677
envoyproxy/envoy,18255
zyedidia/micro,677
outline/outline,2084
vapor/vapor,1179
heartcombo/devise,774
Igglybuff/awesome-piracy,182
NativeScript/NativeScript,3147
DrKLO/Telegram,20
refinedev/refine,3826
doczjs/docz,365
restic/restic,1862
charmbracelet/bubbletea,402
AvaloniaUI/Avalonia,4548
goldbergyoni/javascript-testing-best-practices,146
VSCodium/vscodium,415
syl20bnr/spacemacs,1824
ueberdosis/tiptap,675
tinygrad/tinygrad,2324
pure-css/pure,374
Textualize/textual,1596
homebridge/homebridge,307
openai/CLIP,27
posquit0/Awesome-CV,45
jitsi/jitsi-meet,7123
forem/forem,12723
urfave/cli,801
tornadoweb/tornado,936
sudheerj/javascript-interview-questions,111
ruby/ruby,6475
AtsushiSakai/PythonRobotics,561
cookiecutter/cookiecutter,725
XTLS/Xray-core,550
facert/awesome-spider,38
necolas/react-native-web,73
osquery/osquery,4233
arendst/Tasmota,5380
eligrey/FileSaver.js,67
jhipster/generator-jhipster,16290
git-tips/tips,139
ruanyf/es6tutorial,370
invoke-ai/InvokeAI,2445
luong-komorebi/Awesome-Linux-Software,580
gorilla/websocket,146
gpakosz/.tmux,10
valinet/ExplorerPatcher,11
SwiftGGTeam/the-swift-programming-language-in-chinese,714
deepinsight/insightface,79
the1812/Bilibili-Evolved,330
valyala/fasthttp,509
HarisIqbal88/PlotNeuralNet,11
seaweedfs/seaweedfs,1940
OpenBMB/ChatDev,92
cloudcommunity/Free-Certifications,106
uber-go/zap,537
Seldaek/monolog,683
apache/mxnet,8838
parse-community/parse-server,3437
fastai/fastbook,207
monicahq/monica,3875
tailwindlabs/heroicons,59
phoenixframework/phoenix,2477
apache/rocketmq,2164
react-dnd/react-dnd,1394
Meituan-Dianping/mpvue,64
WeNeedHome/SummaryOfLoanSuspension,285
kamranahmedse/driver.js,53
plotly/dash,770
basarat/typescript-book,329
enaqx/awesome-pentest,335
futurice/android-best-practices,80
chriskiehl/Gooey,149
svg/svgo,509
asdf-vm/asdf,662
spmallick/learnopencv,490
nikitavoloboev/config,17
nostalgic-css/NES.css,222
BradLarson/GPUImage,241
CodeEditApp/CodeEdit,770
actix/actix-web,1112
verekia/js-stack-from-scratch,55
jhao104/proxy_pool,143
icsharpcode/ILSpy,535
dgraph-io/dgraph,4773
GeekyAnts/NativeBase,1700
enzymejs/enzyme,649
pyg-team/pytorch_geometric,2531
iampawan/FlutterExampleApps,8
zzzgydi/clash-verge,50
jbhuang0604/awesome-computer-vision,38
ReactiveX/RxAndroid,182
sqlitebrowser/sqlitebrowser,483
xi-editor/xi-editor,674
TeamStuQ/skill-map,42
lewagon/dotfiles,46
SnapKit/SnapKit,131
grpc/grpc-go,3807
hashcat/hashcat,1768
afollestad/material-dialogs,179
semantic-release/semantic-release,1018
sharkdp/hyperfine,427
adobe-fonts/source-code-pro,54
rahuldkjain/github-profile-readme-generator,157
OpenAPITools/openapi-generator,8257
FredKSchott/snowpack,1202
Reactive-Extensions/RxJS,520
segment-boneyard/nightmare,251
zergtant/pytorch-handbook,47
radareorg/radare2,11032
pulumi/pulumi,6424
PanJiaChen/vue-admin-template,31
facebookexperimental/Recoil,331
rough-stuff/rough,64
KurtBestor/Hitomi-Downloader,71
wenyan-lang/wenyan,168
mybatis/mybatis-3,1230
valeriansaliou/sonic,43
facebookresearch/audiocraft,44
izackwu/TeachYourselfCS-CN,9
umami-software/umami,643
elastic/kibana,104441
preservim/nerdtree,321
npm/cli,1504
bytedance/IconPark,25
aemkei/jsfuck,56
microsoft/reverse-proxy,991
google-deepmind/pysc2,0
bitemyapp/learnhaskell,108
mishoo/UglifyJS-old,71
mgonto/restangular,173
changesets/changesets,447
Avaiga/taipy,422
danialfarid/ng-file-upload,112
zsh-users/antigen,296
yutiansut/QUANTAXIS,1247
sahat/satellizer,191
ChrisRM/material-theme-jetbrains,69
facebookresearch/nougat,15
pocoproject/poco,1084
jamiebuilds/unstated,32
beemdevelopment/Aegis,349
facebookresearch/ImageBind,11
tumobi/nideshop-mini-program,0
kean/Nuke,233
lanpa/tensorboardX,239
fengyuanchen/cropper,39
GoAdminGroup/go-admin,80
bencodezen/vue-enterprise-boilerplate,36
kimmobrunfeldt/progressbar.js,34
foundation/foundation-emails,187
webpack/webpack-dev-server,2132
icindy/wxParse,23
miekg/dns,720
ashawkey/stable-dreamfusion,43
total-typescript/beginners-typescript-tutorial,16
jupyter/docker-stacks,1034
microsoft/c9-python-getting-started,4
catboost/catboost,227
spacejam/sled,789
aimacode/aima-python,594
microsoft/ailab,45
score-spec/spec,26
moby/buildkit,2519
PureLayout/PureLayout,46
graphql-kit/graphql-voyager,117
ariakit/ariakit,2554
shmilylty/OneForAll,42
ustbhuangyi/vue-analysis,52
appleboy/gorush,376
AHAAAAAAA/PokemonGo-Map,432
openai/jukebox,19
conventional-changelog/conventional-changelog,439
bellard/quickjs,6
anchore/grype,927
donnemartin/gitsome,69
SigmaHQ/sigma,3661
ReSwift/ReSwift,201
miloyip/json-tutorial,17
enquirer/enquirer,97
NirantK/awesome-project-ideas,6
github/copilot.vim,1
CatVodTVOfficial/TVBoxOSC,40
attic-labs/noms,2249
bartobri/no-more-secrets,22
openai/universe,26
RikkaApps/Shizuku,48
HqWu-HITCS/Awesome-Chinese-LLM,35
nl8590687/ASRT_SpeechRecognition,16
benthosdev/benthos,727
dc-js/dc.js,277
mattn/go-sqlite3,322
houtianze/bypy,51
progschj/ThreadPool,1
vosen/ZLUDA,32
xirong/my-git,18
cjbassi/gotop,23
googleapis/google-api-python-client,949
sktime/sktime,2865
tc39/proposal-pipeline-operator,56
kubernetes-sigs/kubebuilder,1804
adonovan/gopl.io,2
SeleniumHQ/docker-selenium,582
Morizeyao/GPT2-Chinese,19
leolin310148/ShortcutBadger,47
o3de/o3de,8871
reviewdog/reviewdog,1275
tensorlayer/TensorLayer,530
fancyapps/fancybox,51
toly1994328/FlutterUnit,2
oceanbase/oceanbase,343
HubSpot/odometer,12
kien/ctrlp.vim,12
ubuwaits/beautiful-web-type,9
casperjs/casperjs,400
isomorphic-git/isomorphic-git,685
hellerve/programming-talks,90
software-mansion/react-native-svg,434
soybeanjs/soybean-admin,95
BlackrockDigital/startbootstrap,323
rapidsai/cudf,8403
conductor-oss/conductor,46
unit8co/darts,802
markerikson/react-redux-links,62
kriasoft/react-starter-kit,550
validatorjs/validator.js,719
NickeManarin/ScreenToGif,256
medusajs/medusa,3646
rancher/rancher,9183
sunface/rust-course,693
mochajs/mocha,1204
alan2207/bulletproof-react,38
jaredhanson/passport,52
t4t5/sweetalert,84
microsoft/api-guidelines,199
Redocly/redoc,513
badges/shields,6089
vuejs/vuepress,781
AdguardTeam/AdGuardHome,115
BabylonJS/Babylon.js,11257
awesome-foss/awesome-sysadmin,301
norvig/pytudes,53
jenkinsci/jenkins,7052
sebastianruder/NLP-progress,469
openai-translator/openai-translator,411
dracula/dracula-theme,85
heyxyz/hey,2813
bazelbuild/bazel,1128
react-bootstrap/react-bootstrap,2640
facebook/zstd,2275
lensapp/lens,3905
felixrieseberg/windows95,20
leereilly/games,192
abhisheknaiidu/awesome-github-profile-readme,219
ethereum/solidity,7469
DataTalksClub/data-engineering-zoomcamp,285
jlmakes/scrollreveal,32
huggingface/diffusers,3127
goharbor/harbor,7449
Polymer/polymer,1071
PostgREST/postgrest,1142
gocolly/colly,168
microsoft/winget-cli,1116
gabime/spdlog,546
philc/vimium,620
google/flatbuffers,1831
wsargent/docker-cheat-sheet,134
grafana/loki,6457
harvesthq/chosen,310
shieldfy/API-Security-Checklist,118
alibaba/Sentinel,489
stretchr/testify,423
mifi/lossless-cut,167
vbenjs/vue-vben-admin,812
junyanz/pytorch-CycleGAN-and-pix2pix,80
tiangolo/full-stack-fastapi-template,214
framer/motion,814
HeroTransitions/Hero,119
bevacqua/dragula,57
nextauthjs/next-auth,1662
nrwl/nx,10525
kovidgoyal/kitty,983
DesignPatternsPHP/DesignPatternsPHP,282
exelban/stats,338
openai/CLIP,27
HumanSignal/labelImg,149
chenglou/react-motion,144
responsively-org/responsively-app,436
JaidedAI/EasyOCR,176
pytorch/examples,406
livewire/livewire,1349
js-cookie/js-cookie,85
judasn/IntelliJ-IDEA-Tutorial,40
PaddlePaddle/Paddle,33326
pugjs/pug,501
ruby/ruby,6475
AtsushiSakai/PythonRobotics,561
cookiecutter/cookiecutter,725
shap/shap,591
google/ExoPlayer,550
d2l-ai/d2l-en,1822
zhaoolee/ChromeAppHeroes,11
postcss/autoprefixer,278
containers/podman,9929
dotnet/maui,6028
notepad-plus-plus/notepad-plus-plus,92
shimohq/chinese-programmer-wrong-pronunciation,132
chalk/chalk,103
osquery/osquery,4233
microsoft/vcpkg,15739
mouredev/Hello-Python,0
julycoding/The-Art-Of-Programming-By-July-2nd,254
wesm/pydata-book,20
git-tips/tips,139
IceWhaleTech/CasaOS,249
Swordfish90/cool-retro-term,137
ruanyf/es6tutorial,370
aquasecurity/trivy,2132
luong-komorebi/Awesome-Linux-Software,580
gorilla/websocket,146
valinet/ExplorerPatcher,11
SwiftGGTeam/the-swift-programming-language-in-chinese,714
paularmstrong/normalizr,98
rakyll/hey,35
qarmin/czkawka,379
wagtail/wagtail,3673
facebook/lexical,2997
mlflow/mlflow,6135
DapperLib/Dapper,351
cube-js/cube,4209
pmndrs/jotai,952
so-fancy/diff-so-fancy,157
Tencent/tinker,72
google/filament,4322
less/less.js,469
guidance-ai/guidance,110
hzlzh/Best-App,49
projectdiscovery/nuclei,1890
ymcui/Chinese-LLaMA-Alpaca,52
qmk/qmk_firmware,15979
lettier/3d-game-shaders-for-beginners,0
vllm-project/vllm,925
go-chi/chi,227
bmorelli25/Become-A-Full-Stack-Web-Developer,22
CopyTranslator/CopyTranslator,41
facebook/yoga,104
kivy/kivy,2870
extrawurst/gitui,817
nikic/PHP-Parser,213
nostra13/Android-Universal-Image-Loader,51
matiassingers/awesome-readme,107
defunkt/jquery-pjax,81
casbin/casbin,350
Tencent/MMKV,251
sweetalert2/sweetalert2,896
afshinea/stanford-cs-229-machine-learning,0
Z-Siqi/Clash-for-Windows_Chinese,0
mdx-js/mdx,1083
DioxusLabs/dioxus,992
dolthub/dolt,3896
frappe/erpnext,21128
openzipkin/zipkin,1865
tj/git-extras,585
dexteryy/spellbook-of-modern-webdev,11
shuzheng/zheng,10
twitter/twemoji,84
jamiebuilds/react-loadable,105
easychen/howto-make-more-money,14
winterbe/java8-tutorial,10
angular/material,922
ElemeFE/mint-ui,297
kubernetes/ingress-nginx,4496
hubotio/hubot,582
twitter/typeahead.js,106
xtermjs/xterm.js,2121
Sanster/IOPaint,33
brave/brave-browser,1825
deviantony/docker-elk,252
djsime1/awesome-flipperzero,77
flutter/samples,1596
Rigellute/spotify-tui,418
getify/Functional-Light-JS,41
myshell-ai/OpenVoice,14
mlc-ai/mlc-llm,998
jashkenas/coffeescript,882
Tencent/vConsole,153
instillai/TensorFlow-Course,9
lingcoder/OnJava8,434
mjmlio/mjml,620
williamfiset/Algorithms,74
thedaviddias/Front-End-Performance-Checklist,81
timescale/timescaledb,3533
xx025/carrot,21
nodemailer/nodemailer,193
hackiftekhar/IQKeyboardManager,117
commitizen/cz-cli,293
binux/pyspider,90
binwiederhier/ntfy,247
rasbt/deeplearning-models,35
gravitational/teleport,25945
nickbutcher/plaid,368
pouchdb/pouchdb,1708
cool-RR/PySnooper,71
ruanyf/react-demos,25
desandro/masonry,10
dvajs/dva,203
google/cadvisor,1595
emilwallner/Screenshot-to-code,6
source-foundry/Hack,64
HumanSignal/label-studio,2723
containerd/containerd,5926
tree-sitter/tree-sitter,878
sismo-core/sismo-badges,43
aframevr/aframe,1887
ipython/ipython,5942
11ty/eleventy,186
tailscale/tailscale,4959
alievk/avatarify-python,39
QL-Win/QuickLook,89
hehonghui/awesome-english-ebooks,0
vulhub/vulhub,238
justadudewhohacks/face-api.js,71
rupa/z,31
defunkt/jquery-pjax,81
reddit-archive/reddit,18
casbin/casbin,350
Tencent/MMKV,251
sweetalert2/sweetalert2,896
SigNoz/signoz,2124
afshinea/stanford-cs-229-machine-learning,0
Z-Siqi/Clash-for-Windows_Chinese,0
mdx-js/mdx,1083
DioxusLabs/dioxus,992
dolthub/dolt,3896
frappe/erpnext,21128
openzipkin/zipkin,1865
tj/git-extras,585
dexteryy/spellbook-of-modern-webdev,11
shuzheng/zheng,10
twitter/twemoji,84
jamiebuilds/react-loadable,105
easychen/howto-make-more-money,14
winterbe/java8-tutorial,10
angular/material,922
ElemeFE/mint-ui,297
kubernetes/ingress-nginx,4496
browsh-org/browsh,61
hubotio/hubot,582
twitter/typeahead.js,106
alsotang/node-lessons,28
xtermjs/xterm.js,2121
Sanster/IOPaint,33
brave/brave-browser,1825
deviantony/docker-elk,252
JetBrains/intellij-community,105
djsime1/awesome-flipperzero,77
flutter/samples,1596
Rigellute/spotify-tui,418
plotly/plotly.js,2500
getify/Functional-Light-JS,41
lottie-react-native/lottie-react-native,260
myshell-ai/OpenVoice,14
mlc-ai/mlc-llm,998
briannesbitt/Carbon,1283
jashkenas/coffeescript,882
Tencent/vConsole,153
instillai/TensorFlow-Course,9
lingcoder/OnJava8,434
mjmlio/mjml,620
williamfiset/Algorithms,74
thedaviddias/Front-End-Performance-Checklist,81
timescale/timescaledb,3533
xx025/carrot,21
nodemailer/nodemailer,193
hackiftekhar/IQKeyboardManager,117
commitizen/cz-cli,293
binux/pyspider,90
vectordotdev/vector,9893
binwiederhier/ntfy,247
rasbt/deeplearning-models,35
gravitational/teleport,25945
nickbutcher/plaid,368
pouchdb/pouchdb,1708
cool-RR/PySnooper,71
ruanyf/react-demos,25
desandro/masonry,10
dvajs/dva,203
google/cadvisor,1595
emilwallner/Screenshot-to-code,6
source-foundry/Hack,64
HumanSignal/label-studio,2723
containerd/containerd,5926
tree-sitter/tree-sitter,878
sismo-core/sismo-badges,43
aframevr/aframe,1887
ipython/ipython,5942
11ty/eleventy,186
tailscale/tailscale,4959
alievk/avatarify-python,39
QL-Win/QuickLook,89
vulhub/vulhub,238
justadudewhohacks/face-api.js,71
duckdb/duckdb,4792
rupa/z,31
JeffLi1993/springboot-learning-example,6
yabwe/medium-editor,516
ashishpatel26/500-AI-Machine-learning-Deep-learning-Computer-vision-NLP-Projects-with-code,1
chuzhixin/vue-admin-better,26
ipader/SwiftGuide,25
flatpickr/flatpickr,399
google/libphonenumber,1234
argoproj/argo-cd,6581
wting/autojump,85
microsoft/react-native-windows,7117
conventional-changelog/commitlint,1948
netchx/netch,186
lxgw/LxgwWenKai,10
liabru/matter-js,41
MarlinFirmware/Marlin,8940
Stability-AI/StableLM,11
fatih/vim-go,1377
apache/brpc,731
verdaccio/verdaccio,2402
