android,tes,tin,g
Yalantis,uCr,opc,las
spring,pro,jec,ts
plantuml,pla,ntu,mlc
lsjwzh,Rec,ycl,erV
nicolasgramlich,And,Eng,ine
chenBingX,Sup,erT,ext
sunfusheng,Mar,que,eVi
lisawray,gro,upi,ecl
xcc3641,See,Wea,the
crate,cra,tec,las
mmin18,Rea,lti,meB
Docile,All,iga,tor
prmr,Jet,UML,cla
Stirling,Too,ls,
Consensys,tek,ucl,ass
fashare2015,Act,ivi,tyT
zfile,dev,,
krahets,hel,lo,
Konloch,byt,eco,de
MovingBlocks,Ter,aso,log
InstantWebP2P,nod,e,
datahub,pro,jec,t
facebook,lit,hoc,las
pytorch,ser,vec,las
google,clo,sur,e
dongjunkun,Dro,pDo,wnM
zhihu,Mat,iss,ecl
dianping,cat,cla,ss.
moxie0,And,roi,dPi
qiguliuxing,dts,,
flyway,fly,way,cla
wildfirechat,im,,
code4craft,net,ty,
crossoverJie,cim,cla,ss.
undertow,io,,
pavlospt,And,roi,d
requery,req,uer,ycl
MyCATApache,Myc,at,
pedant,swe,et,
ferredoxin,QNo,tif,ied
GoogTech,sms,,
chrisjenx,Cal,lig,rap
ryanhoo,Pho,toC,rop
ZHENFENG13,My,,
yangfuhai,afi,nal,cla
stanfordnlp,Cor,eNL,Pcl
nytimes,Sto,rec,las
yanzhenjie,NoH,ttp,cla
davideas,Fle,xib,leA
EngineHub,Wor,ldE,dit
oracle,gra,alc,las
klinker41,and,roi,d
MiCode,Sou,ndR,eco
MiguelCatalan,Mat,eri,alS
google,gso,ncl,ass
pinball83,Mas,ked,
yacy,yac,y_g,rid
spring,io,,
json,pat,h,
neevek,Pag,ini,zec
checkstyle,che,cks,tyl
JakeWharton,but,ter,kni
dromara,dyn,ami,c
kaushikgopal,RxJ,ava,
lenve,vhr,cla,ss.
alibaba,vla,you,tcl
linyiqun,Dat,aMi,nin
jhy,jso,upc,las
apple,pkl,cla,ss.
apache,she,nyu,cla
JFXtras,jfx,tra,scl
shwenzhang,And,Res,Gua
thingsboard,thi,ngs,boa
Netflix,Sim,ian,Arm
CrawlScript,Web,Col,lec
SCADA,LTS,,
jgilfelt,and,roi,d
liuyubobobo,Pla,y,
davemorrissey,sub,sam,pli
spring,clo,ud,
didi,Vir,tua,lAP
Tencent,Hip,pyc,las
facebookarchive,net,wor,k
oblador,rea,ct,
anggrayudi,and,roi,d
JakeWharton,Vie,wPa,ger
junit,tea,m,
ben,man,es,
PhilJay,MPA,ndr,oid
spotbugs,spo,tbu,gsc
zhou,you,,
GoogleContainerTools,jib,cla,ss.
hdodenhof,Cir,cle,Ima
LSPosed,LSP,ose,dcl
LGH1996,Tap,Cli,ckc
guolindev,boo,kso,urc
andremion,Lou,vre,cla
clojure,clo,jur,ecl
yudaocode,Spr,ing,Boo
questdb,que,std,bcl
linhaojun857,aur,ora,cla
Marswin,Mar,sDa,emo
libgdx,lib,gdx,cla
johncarl81,par,cel,erc
ittianyu,Bot,tom,Nav
frank,lam,,
Aliucord,Ali,uco,rdc
ZieIony,Car,bon,cla
roboguice,rob,ogu,ice
chiuki,and,roi,d
signalapp,Sig,nal,
guolindev,Lit,ePa,lcl
theonedev,one,dev,cla
elvishew,xLo,gcl,ass
sanfengAndroid,Fak,eXp,ose
junixapp,XPo,pup,cla
RomanTruba,And,roi,dTo
dyc87112,Spr,ing,Clo
chanjarster,art,emi,s
ssssssss,tea,m,
heibaiying,Big,Dat,a
yuliskov,Sma,rtT,ube
redis,jed,isc,las
asLody,Vir,tua,lAp
yusugomori,Dee,pLe,arn
spring,pro,jec,ts
qunarcorp,bis,tou,ryc
ZHENFENG13,per,fec,t
java8,Jav,a8I,nAc
SonarSource,son,arq,ube
rengwuxian,RxJ,ava,Sam
crazycodeboy,Tak,ePh,oto
gaucho,mat,rer,o
Anuken,Min,dus,try
guolindev,gif,fun,cla
alibaba,cob,arc,las
mergebase,log,4j,
Freelander,And,roi,d_D
bmelnychuk,And,roi,dTr
jtablesaw,tab,les,awc
airbnb,epo,xyc,las
googleworkspace,and,roi,d
JeffLi1993,spr,ing,boo
eclipse,les,han,
OpenHFT,Chr,oni,cle
java,nat,ive,
zxing,zxi,ngc,las
hitherejoe,ani,mat,ecl
vikramkakkar,Ima,geT,ran
CameraKit,blu,rki,t
dropbox,hac,kpa,dcl
apache,zoo,kee,per
aurelhubert,ahb,ott,omn
apache,log,gin,g
sofastack,sof,a,
eishay,jvm,,
charles2gan,GDA,,
OpenAPITools,ope,nap,i
Meituan,Dia,npi,ng
devunwired,cus,tom,
weavey,Loa,din,gLa
guoguibing,lib,rec,cla
square,jav,apo,etc
Netflix,con,duc,tor
CatVodTVOfficial,TVB,oxO,SCc
florent37,Sha,peO,fVi
beemdevelopment,Aeg,isc,las
codeestX,Gee,kNe,wsc
jineshfrancs,Cap,tch,aIm
bluelinelabs,Con,duc,tor
matthewrkula,Sec,ret,Tex
GeekZooStudio,ECM,obi,le_
zzz40500,Gso,nFo,rma
java,aod,eng,
dunwu,jav,aco,rec
apache,inc,uba,tor
resilience4j,res,ili,enc
CarGuo,GSY,Vid,eoP
bytedance,Byt,eXc,las
elunez,ela,dmi,ncl
grpc,eco,sys,tem
forezp,Spr,ing,Clo
abel533,MyB,ati,s
vipshop,vjt,ool,scl
rbmonster,lea,rni,ng
WuKongOpenSource,Wuk,ong,_HR
VictorAlbertos,RxA,cti,vit
s4kibs4mi,jav,a,
megagao,Ind,oor,Pos
debezium,deb,ezi,umc
Netflix,eur,eka,cla
permissions,dis,pat,che
vert,x3,,
KunMinX,Lin,kag,e
LawnchairLauncher,law,nch,air
daimajia,And,roi,dVi
gyoogle,tec,h,
elastic,log,sta,shc
jitsi,lib,jit,sic
lihengming,spr,ing,
HJ,Mon,ey,
JeremyLiao,Liv,eEv,ent
Grasscutters,Gra,ssc,utt
alibaba,Sen,tin,elc
ryanhoo,Sty,lis,hMu
grpc,grp,c,
google,clo,sur,e
HarlonWang,AVL,oad,ing
xkcoding,spr,ing,
heinrichreimer,mat,eri,al
dbeaver,dbe,ave,rcl
hs,web,,
deeplearning4j,dee,ple,arn
Tencent,QMU,I_A,ndr
apache,dru,idc,las
woxingxiao,Bub,ble,See
baomidou,myb,ati,s
pedrovgs,Dra,gga,ble
malmstein,yah,nac,cla
provectus,kaf,ka,
takimafr,and,roi,dki
hmkcode,And,roi,dcl
careercup,CtC,I,
knowm,XCh,ang,ecl
openjdk,jdk,cla,ss.
pxb1988,dex,2ja,rcl
immutables,imm,uta,ble
koral,,,
bytedeco,jav,acv,cla
zhpanvip,Ban,ner,Vie
umano,And,roi,dSl
google,rej,oin,erc
navasmdc,Mat,eri,alD
MatthewYork,Col,our,scl
ilmila,J2E,ESc,anc
greenrobot,gre,enD,AOc
Jude95,Bea,mcl,ass
DroidPlanner,Tow,erc,las
daniulive,Sma,rte,rSt
exadel,inc,,
KeepSafe,ReL,ink,erc
WritingMinds,ffm,peg,
JakeWharton,hug,ocl,ass
KunMinX,Jet,pac,k
airbnb,lot,tie,
Sayi,poi,,
nostra13,And,roi,d
VaughnVernon,IDD,D_S,amp
automvc,bee,cla,ss.
jacoco,jac,oco,cla
apache,dol,phi,nsc
leolin310148,Sho,rtc,utB
FasterXML,jac,kso,n
H07000223,Fly,coT,abL
HannahMitt,Hom,eMi,rro
spring,pro,jec,ts
Curzibn,Lub,anc,las
digitalfondue,lav,agn,acl
TNG,Arc,hUn,itc
nathanmarz,sto,rmc,las
apache,roc,ket,mqc
metersphere,met,ers,phe
OpenFeign,fei,gnc,las
AdoptOpenJDK,jit,wat,chc
react,nat,ive,
bethrobson,Hea,d,
yacy,yac,y_s,ear
eugenp,tut,ori,als
googlesamples,mlk,itc,las
yarolegovich,Sli,din,gRo
apache,bea,mcl,ass
bauerca,dra,g,
tronprotocol,jav,a,
ybq,And,roi,d
openzipkin,zip,kin,cla
lipangit,Jia,oZi,Vid
googlemaps,and,roi,d
qbhy,pos,ter,
karatelabs,kar,ate,cla
skylot,jad,xcl,ass
alibaba,art,has,cla
eclipse,ope,nj9,
trinodb,tri,noc,las
luojilab,DDC,omp,one
monsonlee,Big,Dat,acl
Luolc,Emo,jiR,ain
mcxtzhang,Swi,peD,elM
KingJA,Loa,dSi,rcl
mbechler,mar,sha,lse
winterbe,jav,a8,
Team,xMa,nag,er
ethanhua,Ske,let,onc
vran,dev,,
litesuits,and,roi,d
zendesk,max,wel,lcl
arimorty,flo,ati,ngs
google,aut,ocl,ass
williamfiset,Alg,ori,thm
Grt1228,cha,tgp,t
real,log,ic,
hneemann,Dig,ita,lcl
nickm980,sma,llv,ill
Atmosphere,atm,osp,her
spring,pro,jec,ts
StarRocks,sta,rro,cks
laobie,Sta,tus,Bar
jfeinstein10,Sli,din,gMe
awaitility,awa,iti,lit
kevin,way,ne,
GitLqr,LQR,WeC,hat
torakiki,pdf,sam,cla
daimajia,And,roi,dVi
vaticle,typ,edb,cla
rebeyond,mem,She,llc
ImmortalZ,Rad,arS,can
fyhertz,lib,str,eam
chat2db,Cha,t2D,Bcl
liaohuqiu,lea,kca,nar
abel533,Map,per,cla
Activiti,Act,ivi,tic
sherxon,Alg,oDS,cla
signalapp,Sig,nal,
lyj8330328,ley,ouc,las
gsantner,mar,kor,cla
saulmm,Fro,m,
evrencoskun,Tab,leV,iew
YunaiV,ruo,yi,
LibrePDF,Ope,nPD,Fcl
HomHomLin,Sli,din,gLa
openhab,ope,nha,b1
atarw,mat,eri,al
KeepSafe,dex,cou,nt
FongMi,TVc,las,s.c
Tencent,Vas,Dol,lyc
cdflynn,bub,ble,
bumptech,gli,dec,las
danylovolokh,Vid,eoP,lay
alibaba,atl,asc,las
rewanthtammana,Dam,n,
firebase,qui,cks,tar
apache,cur,ato,rcl
aritraroy,Ult,ima,teA
Tencent,spr,ing,
orhanobut,log,ger,cla
Netflix,zuu,lcl,ass
coderbruis,Jav,aSo,urc
pengwei1024,JsB,rid,gec
WinterChenS,my,,
zwwill,yan,xua,n
greenrobot,Eve,ntB,usc
cSploit,and,roi,dcl
Justson,Age,ntW,ebc
jeasonlzy,okh,ttp,
pqpo,Sma,rtC,rop
facebookarchive,rea,ct,
Tencent,API,JSO,Ncl
JFormDesigner,Fla,tLa,fcl
worldline,Fol,dab,leL
jeecgboot,jee,cg,
Mike,bel,,
alamkanak,And,roi,d
RipMeApp,rip,mec,las
babyfish,ct,,
DrKLO,Tel,egr,amc
80945540,LCR,api,dDe
google,Exo,Pla,yer
yigit,and,roi,d
alibaba,Ali,nkc,las
huanghaibin,dev,,
cryptomator,cry,pto,mat
wix,rea,ct,
aosp,mir,ror,
chrisbanes,And,roi,d
jlegewie,zot,fil,ecl
kevinsawicki,htt,p,
mockito,moc,kit,ocl
JavaNoober,Bac,kgr,oun
alibaba,Dat,aXc,las
alibaba,tra,nsm,itt
kikoso,and,roi,d
lecho,hel,loc,har
apache,aur,ora,cla
lgvalle,Mat,eri,al
OpenHFT,Jav,a,
rom1v,snd,cpy,cla
geekxh,hel,lo,
jetty,jet,ty.,pro
JackyAndroid,And,roi,dCh
rovo89,Xpo,sed,Ins
Blankj,And,roi,dUt
iammert,Sca,lin,gLa
tyrantgit,Exp,los,ion
BruceEckel,OnJ,ava,8
linkedin,dat,abu,scl
fishercoder1534,Lee,tco,dec
nextcloud,and,roi,dcl
tink,cry,pto,
bazelbuild,baz,elc,las
mxdldev,and,roi,d
apache,inc,uba,tor
apache,lin,kis,cla
bastillion,io,,
oddfar,cam,pus,
hollischuang,toB,eTo,pJa
OpenRefine,Ope,nRe,fin
code4craft,web,mag,icc
shopizer,eco,mme,rce
xmuSistone,Vie,wpa,ger
mybatis,myb,ati,s
react,nat,ive,
itwanger,toB,eBe,tte
dataease,dat,aea,sec
wasabeef,gli,de,
ByteLegend,Byt,eLe,gen
geeeeeeeeek,WeC,hat,Luc
Tencent,tin,ker,cla
redisson,red,iss,onc
Tencent,Vas,Son,icc
florent37,Mat,eri,alV
networknt,lig,ht,
roughike,Bot,tom,Bar
linlinjava,lit,ema,llc
Qihoo360,ReP,lug,inc
Tencent,Sha,dow,cla
lygttpod,Sup,erT,ext
YoKeyword,Fra,gme,nta
uber,Aut,oDi,spo
facebook,fre,sco,cla
IoT,Tec,hno,log
RoaringBitmap,Roa,rin,gBi
Blankj,awe,som,e
eclipse,ver,tx,
alibaba,ott,erc,las
TeamNewPipe,New,Pip,ecl
iBotPeaches,Apk,too,lcl
scwang90,Sma,rtR,efr
GcsSloop,And,roi,dNo
liaohuqiu,and,roi,d
JakeWharton,Thr,eeT,enA
IrisShaders,Iri,scl,ass
eleme,UET,ool,cla
gedoor,MyB,ook,she
Kamilahsantos,Jav,a,
willowtreeapps,spr,uce,
tbruyelle,RxP,erm,iss
JeasonWong,Fli,pSh,are
szerhusenBC,jwt,,
lihangleo2,Sha,dow,Lay
geoserver,geo,ser,ver
LinShunKang,MyP,erf,4Jc
deepjavalibrary,djl,cla,ss.
flowable,flo,wab,le
confluentinc,par,all,el
termux,ter,mux,
TooTallNate,Jav,a,
trello,RxL,ife,cyc
promeG,Tin,yPi,nyi
pagehelper,Myb,ati,s
amirzaidi,Lau,nch,er3
dmytrodanylyk,and,roi,d
allure,fra,mew,ork
DuGuQiuBai,Jav,acl,ass
huburt,Hu,,
amitshekhariitbhu,PRD,own,loa
lovetuzitong,Mul,tiI,mag
mission,pea,ce,
software,man,sio,n
Ereza,Cus,tom,Act
qiurunze123,zoo,kee,per
macrozheng,mal,l,
MisterBooo,Lee,tCo,deA
bitcoin,wal,let,
macrozheng,mal,l,
pockethub,Poc,ket,Hub
apache,tom,cat,cla
sofastack,sof,a,
seaswalker,spr,ing,
didi,DoK,itc,las
crossoverJie,SSM,cla,ss.
trojan,gfw,,
cats,oss,,
canyie,Dre,aml,and
apache,inc,uba,tor
lzyzsd,JsB,rid,gec
getActivity,Toa,ste,rcl
pingfangushi,scr,ewc,las
yipianfengye,and,roi,d
JakeWharton,RxR,epl,ayi
wendux,DSB,rid,ge
spockframework,spo,ckc,las
nuuneoi,Lab,,
airbnb,nat,ive,
wuyouzhuguli,Spr,ing,All
scottyab,AES,Cry,pt
googlesamples,goo,gle,
ysnows,Dou,ble,Scr
amitshekhariitbhu,and,roi,d
hongyangAndroid,Hig,hli,ght
yuanguangxin,Lee,tCo,dec
livelessons,spr,ing,
fesh0r,fer,nfl,owe
erikwt,Pul,lTo,Ref
yanzhenjie,And,Ser,ver
dropwizard,met,ric,scl
yui,yui,com,pre
mymagicpower,AIA,Scl,ass
phodal,mig,rat,ion
lenve,Jav,aEE,Tes
apereo,cas,cla,ss.
seven332,EhV,iew,erc
TakuSemba,Rtm,pPu,bli
javastacks,spr,ing,
tchiotludo,akh,qcl,ass
alibaba,ARo,ute,rcl
desktopqa,Cyn,thi,acl
testcontainers,tes,tco,nta
LMAX,Exc,han,ge
google,gui,cec,las
java,dec,omp,ile
zhisheng17,fli,nk,
conductor,oss,,
perwendel,spa,rkc,las
rockerhieu,emo,jic,onc
lzyzsd,Cir,cle,Pro
ChrisRM,mat,eri,al
Snailclimb,Jav,aGu,ide
react,nat,ive,
netty,net,tyc,las
dyc87112,Spr,ing,Boo
EnterpriseQualityCoding,Fiz,zBu,zzE
ReactiveX,RxA,ndr,oid
square,dag,ger,cla
bluelinelabs,Log,anS,qua
apache,dub,boc,las
trello,nav,icl,ass
c,kzx,vld,khX
google,and,roi,d
jasonross,Nuw,acl,ass
janishar,mit,,
goldze,MVV,MHa,bit
koush,And,roi,dAs
shekhargulati,99,,
projectlombok,lom,bok,cla
macrozheng,mal,lcl,ass
chrisbanes,Act,ion,Bar
fabric8io,kub,ern,ete
Ebryx,AES,,
alibaba,can,alc,las
doocs,adv,anc,ed
NotFound9,int,erv,iew
luontola,ret,rol,amb
wiglenet,wig,le,
JessYanCoding,And,roi,dAu
pengjianbo,Gal,ler,yFi
google,dat,a,
YunaiV,yud,ao,
apache,pul,sar,cla
binIoter,Gui,deV,iew
facebook,buc,kcl,ass
JCTools,JCT,ool,scl
JackyAndroid,And,roi,dTV
bilibili,Mag,ica,Sak
camunda,cam,und,a
AxonFramework,Axo,nFr,ame
neo4j,neo,4jc,las
ikew0ng,Dri,bbo,cla
zaproxy,zap,rox,ycl
dropwizard,dro,pwi,zar
android,hac,ker,
satorufujiwara,mat,eri,al
gabrielemariotti,Rec,ycl,erV
yangfuhai,ASi,mpl,eCa
sofastack,sof,a,
smartloli,EFA,Kcl,ass
angryip,ips,can,cla
oracle,fas,trc,las
alibaba,COL,Acl,ass
zaaach,Cit,yPi,cke
nisrulz,rec,ycl,erv
WVector,App,Upd,ate
timehop,sti,cky,
Snailclimb,gui,de,
bilibili,Dan,mak,uFl
Bearded,Hen,,
jMonkeyEngine,jmo,nke,yen
Will,Ls,,
google,tsu,nam,i
pentaho,pen,tah,o
watabou,pix,el,
stfalcon,stu,dio,
HarinTrivedi,FAB,Rev,eal
Exrick,xbo,otc,las
rubensousa,Pre,vie,wSe
Taishi,Y,,
android,not,es,
nining377,dol,by_,bet
andOTP,and,OTP,cla
google,gua,vac,las
dingjikerbo,And,roi,d
yangchong211,YCA,ppT,ool
gouthampradhan,lee,tco,dec
supertokens,sup,ert,oke
jfinal,jfi,nal,cla
shuzijun,lee,tco,de
hackware1993,Mag,icI,ndi
jd,ale,xan,der
amulyakhare,Tex,tDr,awa
apache,kyl,inc,las
NationalSecurityAgency,ghi,dra,cla
dsbGenius,Whi,teB,oar
stylefeng,Gun,scl,ass
LuckSiege,Pic,tur,eSe
google,age,rac,las
mpusher,mpu,shc,las
alibaba,nac,osc,las
andremion,Mus,ic,
react,nat,ive,
jbloch,eff,ect,ive
android,asy,nc,
material,com,pon,ent
PlexPt,cha,tgp,t
apache,had,oop,cla
SeleniumHQ,sel,eni,umc
avast,and,roi,d
swagger,api,,
jwtk,jjw,tcl,ass
Suwayomi,Suw,ayo,mi
actorapp,act,or,
googlesamples,eas,ype,rmi
rememberber,WeP,ush,cla
awsdocs,aws,,
zhkl0228,uni,dbg,cla
AsamK,sig,nal,
infinilabs,ana,lys,is
wildfly,wil,dfl,ycl
Netflix,con,cur,ren
halirutan,Int,ell,iJ
pinterest,Doc,tor,Kcl
PortSwigger,bac,ksl,ash
tangqi92,And,roi,d
bilibili,box,ing,cla
JFXtras,jfx,tra,s
justauth,Jus,tAu,thc
react,nat,ive,
arduino,Ard,uin,ocl
uber,Nul,lAw,ayc
ksoichiro,And,roi,d
kdn251,int,erv,iew
201206030,nov,el,
Skykai521,Sti,cke,rCa
SmartPack,Sma,rtP,ack
PaperMC,Pap,erc,las
ragunathjawahar,and,roi,d
shuzheng,zhe,ngc,las
mplushnikov,lom,bok,
baoyongzhang,Swi,peM,enu
GrowingGit,Git,Hub,
realm,rea,lm,
