nameWithOwner,primaryLanguage
EbookFoundation/free-programming-books,
996icu/996.ICU,
twbs/bootstrap,JavaScript
ossu/computer-science,
Significant-Gravitas/AutoGPT,JavaScript
jackfrued/Python-100-Days,Python
jlevy/the-art-of-command-line,
Snailclimb/JavaGuide,Java
ytdl-org/youtube-dl,Python
trimstray/the-book-of-secret-knowledge,
avelino/awesome-go,Go
electron/electron,C++
kubernetes/kubernetes,Go
microsoft/TypeScript,TypeScript
microsoft/terminal,C++
GrowingGit/GitHub-Chinese-Top-Charts,Java
microsoft/Web-Dev-For-Beginners,JavaScript
Hack-with-Github/Awesome-Hacking,
mtdvio/every-programmer-should-know,
bitcoin/bitcoin,C++
gin-gonic/gin,Go
opencv/opencv,C++
FortAwesome/Font-Awesome,JavaScript
krahets/hello-algo,Java
spring-projects/spring-boot,Java
massgravel/Microsoft-Activation-Scripts,Batchfile
home-assistant/core,Python
netdata/netdata,C
moby/moby,Go
microsoft/ML-For-Beginners,HTML
coder/code-server,TypeScript
nestjs/nest,TypeScript
fighting41love/funNLP,Python
rustdesk/rustdesk,Rust
resume/resume.github.com,JavaScript
ansible/ansible,Python
keras-team/keras,Python
socketio/socket.io,TypeScript
atom/atom,JavaScript
Anduin2017/HowToCook,Shell
xingshaocheng/architect-awesome,
junegunn/fzf,Go
h5bp/Front-end-Developer-Interview-Questions,Nunjucks
jquery/jquery,JavaScript
lodash/lodash,JavaScript
apache/echarts,TypeScript
apache/superset,TypeScript
chrislgarry/Apollo-11,Assembly
bradtraversy/design-resources-for-developers,
obsproject/obs-studio,C
spring-projects/spring-framework,Java
rails/rails,Ruby
ggerganov/llama.cpp,C++
ElemeFE/element,Vue
binhnguyennus/awesome-scalability,
ollama/ollama,Go
necolas/normalize.css,CSS
ryanoasis/nerd-fonts,CSS
google/material-design-icons,
soimort/you-get,Python
rust-lang/rustlings,Rust
Textualize/rich,Python
youngyangyang04/leetcode-master,Shell
labmlai/annotated_deep_learning_paper_implementations,Jupyter Notebook
OpenInterpreter/open-interpreter,Python
etcd-io/etcd,Go
iamadamdev/bypass-paywalls-chrome,JavaScript
cypress-io/cypress,JavaScript
sharkdp/bat,Rust
minimaxir/big-list-of-naughty-strings,Python
iamkun/dayjs,JavaScript
vsouza/awesome-ios,Swift
FiloSottile/mkcert,Go
jesseduffield/lazygit,Go
v2ray/v2ray-core,Go
gogs/gogs,Go
topjohnwu/Magisk,C++
facebookresearch/segment-anything,Jupyter Notebook
rclone/rclone,Go
Avik-Jain/100-Days-Of-ML-Code,
agalwood/Motrix,JavaScript
square/retrofit,HTML
firstcontributions/first-contributions,
FFmpeg/FFmpeg,C
pmndrs/zustand,TypeScript
pandas-dev/pandas,Python
withastro/astro,TypeScript
yarnpkg/yarn,JavaScript
huginn/huginn,Ruby
starship/starship,Rust
styled-components/styled-components,TypeScript
apache/dubbo,Java
TanStack/query,TypeScript
serhii-londar/open-source-mac-os-apps,
Homebrew/brew,Ruby
vuetifyjs/vuetify,TypeScript
nolimits4web/swiper,JavaScript
hexojs/hexo,TypeScript
microsoft/monaco-editor,JavaScript
hpcaitech/ColossalAI,Python
google/guava,Java
soimort/you-get,Python
deepfakes/faceswap,Python
juliangarnier/anime,JavaScript
rust-lang/rustlings,Rust
jekyll/jekyll,Ruby
tldr-pages/tldr,Markdown
prettier/prettier,JavaScript
AppFlowy-IO/AppFlowy,Dart
moment/moment,JavaScript
ReactiveX/RxJava,Java
traefik/traefik,Go
JetBrains/kotlin,Kotlin
NARKOZ/hacker-scripts,JavaScript
NationalSecurityAgency/ghidra,Java
DefinitelyTyped/DefinitelyTyped,TypeScript
lencx/ChatGPT,Rust
ultralytics/yolov5,Python
algorithm-visualizer/algorithm-visualizer,JavaScript
xai-org/grok-1,Python
sharkdp/bat,Rust
TryGhost/Ghost,JavaScript
FiloSottile/mkcert,Go
tiimgreen/github-cheat-sheet,
square/okhttp,Kotlin
iperov/DeepFaceLab,Python
ziishaned/learn-regex,
v2ray/v2ray-core,Go
vuejs/core,TypeScript
gogs/gogs,Go
android/architecture-samples,Kotlin
justjavac/awesome-wechat-weapp,
jestjs/jest,TypeScript
FuelLabs/fuels-rs,Rust
FuelLabs/fuels-ts,TypeScript
wagoodman/dive,Go
aymericdamien/TensorFlow-Examples,Jupyter Notebook
PowerShell/PowerShell,C#
PKUFlyingPig/cs-self-learning,HTML
dair-ai/Prompt-Engineering-Guide,MDX
Avik-Jain/100-Days-Of-ML-Code,
babel/babel,TypeScript
astaxie/build-web-application-with-golang,Go
gorhill/uBlock,JavaScript
vercel/hyper,TypeScript
laurent22/joplin,TypeScript
Z4nzu/hackingtool,Python
romkatv/powerlevel10k,Shell
pixijs/pixijs,TypeScript
rust-unofficial/awesome-rust,Rust
firstcontributions/first-contributions,
pmndrs/zustand,TypeScript
nocodb/nocodb,TypeScript
isocpp/CppCoreGuidelines,Python
poteto/hiring-without-whiteboards,JavaScript
ruanyf/weekly,
dypsilon/frontend-dev-bookmarks,
Asabeneh/30-Days-Of-JavaScript,JavaScript
bailicangdu/vue2-elm,Vue
google/zx,JavaScript
Unitech/pm2,JavaScript
streamich/react-use,TypeScript
brillout/awesome-react-components,
n8n-io/n8n,TypeScript
GitSquared/edex-ui,JavaScript
nlohmann/json,C++
akullpp/awesome-java,
type-challenges/type-challenges,TypeScript
faif/python-patterns,Python
Homebrew/brew,Ruby
THUDM/ChatGLM-6B,Python
skylot/jadx,Java
RocketChat/Rocket.Chat,TypeScript
fastlane/fastlane,Ruby
alex/what-happens-when,
nolimits4web/swiper,JavaScript
kelseyhightower/kubernetes-the-hard-way,
geekan/MetaGPT,Python
apachecn/ailearning,Python
PaddlePaddle/PaddleOCR,Python
impress/impress.js,JavaScript
chubin/cheat.sh,Python
floodsung/Deep-Learning-Papers-Reading-Roadmap,Python
LeCoupa/awesome-cheatsheets,JavaScript
google-research/bert,Python
tabler/tabler,HTML
alist-org/alist,Go
google/styleguide,HTML
chakra-ui/chakra-ui,MDX
freefq/free,
metabase/metabase,Clojure
iina/iina,Swift
acmesh-official/acme.sh,Shell
lyswhut/lx-music-desktop,TypeScript
pingcap/tidb,Go
bannedbook/fanqiang,Kotlin
spf13/cobra,Go
DovAmir/awesome-design-patterns,
GokuMohandas/Made-With-ML,Jupyter Notebook
open-guides/og-aws,Shell
formulahendry/955.WLB,
curl/curl,C
carbon-app/carbon,JavaScript
openai/gym,Python
denysdovhan/wtfjs,JavaScript
lllyasviel/Fooocus,Python
babysor/MockingBird,Python
testerSunshine/12306,Python
bradtraversy/50projects50days,CSS
AFNetworking/AFNetworking,Objective-C
jesseduffield/lazydocker,Go
gulpjs/gulp,JavaScript
tmux/tmux,C
XX-net/XX-Net,Python
WerWolv/ImHex,C++
google/googletest,C++
docker/compose,Go
zxing/zxing,Java
shadowsocks/ShadowsocksX-NG,Swift
hankcs/HanLP,Python
PKUanonym/REKCARC-TSC-UHT,HTML
bevyengine/bevy,Rust
bigskysoftware/htmx,JavaScript
files-community/Files,C#
httpie/cli,Python
Trinea/android-open-project,
laravel/framework,PHP
appsmithorg/appsmith,TypeScript
bayandin/awesome-awesomeness,Ruby
halo-dev/halo,Java
TheAlgorithms/JavaScript,JavaScript
1c7/chinese-independent-developer,
solidjs/solid,TypeScript
The-Run-Philosophy-Organization/run,
hasura/graphql-engine,TypeScript
alibaba/easyexcel,Java
ray-project/ray,Python
microsoft/AI-For-Beginners,Jupyter Notebook
fastify/fastify,JavaScript
comfyanonymous/ComfyUI,Python
fengdu78/Coursera-ML-AndrewNg-Notes,HTML
Binaryify/NeteaseCloudMusicApi,
termux/termux-app,Java
run-llama/llama_index,Python
joshbuchea/HEAD,
vuejs/vue-cli,JavaScript
docker/awesome-compose,HTML
CMU-Perceptual-Computing-Lab/openpose,C++
airbnb/lottie-web,JavaScript
SimplifyJobs/Summer2024-Internships,
ibraheemdev/modern-unix,
zsh-users/zsh-autosuggestions,Shell
symfony/symfony,PHP
python-poetry/poetry,Python
lukehoban/es6features,
elsewhencode/project-guidelines,JavaScript
ryanhanwu/How-To-Ask-Questions-The-Smart-Way,JavaScript
facebookresearch/fairseq,Python
IanLunn/Hover,SCSS
sequelize/sequelize,JavaScript
ehang-io/nps,Go
cockroachdb/cockroach,Go
kilimchoi/engineering-blogs,Ruby
ianstormtaylor/slate,TypeScript
alibaba/nacos,Java
standard/standard,JavaScript
qishibo/AnotherRedisDesktopManager,JavaScript
apolloconfig/apollo,Java
layui/layui,JavaScript
shengxinjing/programmer-job-blacklist,Shell
tastejs/todomvc,JavaScript
facebookresearch/detectron2,Python
coqui-ai/TTS,Python
kodecocodes/swift-algorithm-club,Swift
TeamNewPipe/NewPipe,Java
parallax/jsPDF,JavaScript
composer/composer,PHP
calcom/cal.com,TypeScript
jashkenas/backbone,JavaScript
GoogleChrome/lighthouse,JavaScript
cheeriojs/cheerio,TypeScript
google/jax,Python
remoteintech/remote-jobs,JavaScript
open-mmlab/mmdetection,Python
pnpm/pnpm,TypeScript
zeromicro/go-zero,Go
ShareX/ShareX,C#
typst/typst,Rust
fabricjs/fabric.js,JavaScript
ChartsOrg/Charts,Swift
Advanced-Frontend/Daily-Interview-Question,JavaScript
AllThingsSmitty/css-protips,
nagadomi/waifu2x,Lua
crossoverJie/JCSprout,Java
Tencent/weui,Less
Awesome-Windows/Awesome,
facebook/folly,C++
immerjs/immer,JavaScript
GorvGoyl/Clone-Wars,
Pythagora-io/gpt-pilot,Python
spacedriveapp/spacedrive,TypeScript
explosion/spaCy,Python
doocs/leetcode,Java
expo/expo,TypeScript
vuejs/vuex,JavaScript
SerenityOS/serenity,C++
floating-ui/floating-ui,TypeScript
labstack/echo,Go
herrbischoff/awesome-macos-command-line,
AykutSarac/jsoncrack.com,TypeScript
VincentGarreau/particles.js,JavaScript
codepath/android_guides,
kubernetes/minikube,Go
kenwheeler/slick,JavaScript
trailofbits/algo,Jinja
dromara/hutool,Java
postcss/postcss,TypeScript
gradio-app/gradio,Python
veggiemonk/awesome-docker,
jaywcjlove/linux-command,Markdown
OAI/OpenAPI-Specification,JavaScript
caolan/async,JavaScript
Ebazhanov/linkedin-skill-assessments-quizzes,
transloadit/uppy,TypeScript
jobbole/awesome-python-cn,Makefile
lukasz-madon/awesome-remote-job,
acheong08/ChatGPT,Python
mattermost/mattermost,TypeScript
lovell/sharp,JavaScript
wuyouzhuguli/SpringAll,Java
facebookresearch/faiss,C++
ZuzooVn/machine-learning-for-software-engineers,
balena-io/etcher,TypeScript
lllyasviel/ControlNet,Python
realpython/python-guide,Batchfile
GitHubDaily/GitHubDaily,
ascoders/weekly,JavaScript
encode/django-rest-framework,Python
v2fly/v2ray-core,Go
pmndrs/react-spring,TypeScript
jashkenas/underscore,JavaScript
facebook/rocksdb,C++
JedWatson/react-select,TypeScript
alibaba/spring-cloud-alibaba,Java
mobxjs/mobx,TypeScript
mlabonne/llm-course,Jupyter Notebook
remix-run/remix,TypeScript
Homebrew/legacy-homebrew,
YMFE/yapi,JavaScript
digitalocean/nginxconfig.io,JavaScript
lenve/vhr,Java
geekcompany/ResumeSample,
fzaninotto/Faker,PHP
ageron/handson-ml2,Jupyter Notebook
qier222/YesPlayMusic,Vue
houshanren/hangzhou_house_knowledge,CSS
alpinejs/alpine,HTML
angular/angular-cli,TypeScript
Automattic/mongoose,JavaScript
codemirror/codemirror5,JavaScript
codex-team/editor.js,TypeScript
nvie/gitflow,Shell
rethinkdb/rethinkdb,C++
ToolJet/ToolJet,JavaScript
milvus-io/milvus,Go
OWASP/CheatSheetSeries,Python
aseprite/aseprite,C++
k3s-io/k3s,Go
google/python-fire,Python
Pierian-Data/Complete-Python-3-Bootcamp,Jupyter Notebook
penpot/penpot,Clojure
numpy/numpy,Python
facebookresearch/Detectron,Python
backstage/backstage,TypeScript
go-kit/kit,Go
tj/commander.js,JavaScript
linexjlin/GPTs,
remy/nodemon,JavaScript
dokku/dokku,Shell
lutzroeder/netron,JavaScript
servo/servo,
rstacruz/nprogress,JavaScript
eugeneyan/applied-ml,
select2/select2,JavaScript
vadimdemedes/ink,TypeScript
request/request,JavaScript
mpv-player/mpv,C
Modernizr/Modernizr,JavaScript
astral-sh/ruff,Rust
zhiwehu/Python-programming-exercises,
JakeWharton/butterknife,Java
facebookresearch/fastText,HTML
fastai/fastai,Jupyter Notebook
mongodb/mongo,C++
dnSpy/dnSpy,C#
powerline/fonts,Shell
sampotts/plyr,JavaScript
coder2gwy/coder2gwy,
sindresorhus/awesome-electron,
ycm-core/YouCompleteMe,Python
textmate/textmate,Objective-C++
apprenticeharper/DeDRM_tools,Python
lra/mackup,Python
HubSpot/youmightnotneedjquery,Astro
GoogleChrome/chrome-extensions-samples,JavaScript
RPCS3/rpcs3,C++
danielgatis/rembg,Python
OpenRA/OpenRA,C#
docmirror/dev-sidecar,JavaScript
jhuangtw/xg2xg,
eclipse-vertx/vert.x,Java
arduino/Arduino,Java
marcuswestin/store.js,JavaScript
hindupuravinash/the-gan-zoo,Python
gunthercox/ChatterBot,Python
ccgus/fmdb,Objective-C
NVIDIA/open-gpu-kernel-modules,C
redis/ioredis,TypeScript
Aircoookie/WLED,C++
mame/quine-relay,Ruby
cachethq/cachet,PHP
Azure/azure-quickstart-templates,Bicep
chriskempson/tomorrow-theme,CSS
vdumoulin/conv_arithmetic,TeX
Atmosphere-NX/Atmosphere,C++
angular-ui/ui-router,TypeScript
github/opensource.guide,HTML
tidwall/gjson,Go
Curzibn/Luban,Java
pomber/git-history,JavaScript
Loyalsoldier/v2ray-rules-dat,
davidsandberg/facenet,Python
shengqiangzhang/examples-of-web-crawlers,Python
DrkSephy/es6-cheatsheet,JavaScript
blitz-js/blitz,TypeScript
seaswalker/spring-analysis,Java
diaspora/diaspora,Ruby
JessYanCoding/AndroidAutoSize,Java
dotnet/efcore,C#
searx/searx,Python
bailicangdu/vue2-manage,Vue
pinpoint-apm/pinpoint,Java
Homebrew/homebrew-core,Ruby
pinojs/pino,JavaScript
memcached/memcached,C
Netflix/zuul,Java
CocoaLumberjack/CocoaLumberjack,Objective-C
taowen/awesome-lowcode,
emqx/emqx,Erlang
sindresorhus/type-fest,TypeScript
PySimpleGUI/PySimpleGUI,Python
iterative/dvc,Python
rasbt/LLMs-from-scratch,Jupyter Notebook
Universidade-Livre/ciencia-da-computacao,
tpope/vim-surround,Vim Script
requirejs/requirejs,JavaScript
leemunroe/responsive-html-email-template,HTML
akka/akka,Scala
google/guetzli,C++
othneildrew/Best-README-Template,
systemjs/systemjs,JavaScript
s-matyukevich/raspberry-pi-os,C
apernet/hysteria,Go
vitejs/awesome-vite,JavaScript
jwagner/smartcrop.js,JavaScript
SawyerHood/draw-a-ui,TypeScript
facebookarchive/stetho,Java
LazyVim/LazyVim,Lua
spotify/annoy,C++
atelier-anchor/smiley-sans,HTML
plouc/nivo,TypeScript
TypeStrong/ts-node,TypeScript
loverajoel/jstips,
phpstan/phpstan,PHP
playframework/playframework,Scala
zhihu/Matisse,Java
PaddlePaddle/PaddleHub,Python
ethereum/EIPs,Python
amfe/lib-flexible,JavaScript
robbiehanson/CocoaAsyncSocket,Objective-C
SVProgressHUD/SVProgressHUD,Objective-C
nusr/hacker-laws-zh,
graphile/crystal,TypeScript
gopherjs/gopherjs,Go
espressif/arduino-esp32,C++
jikexueyuanwiki/tensorflow-zh,TeX
opendigg/awesome-github-vue,
h4cc/awesome-elixir,Elixir
systemd/systemd,C
fogleman/primitive,Go
ramsey/uuid,PHP
zenorocha/alfred-workflows,
ionic-team/stencil,TypeScript
gitpod-io/gitpod,Go
haoel/haoel.github.io,Shell
redis/redis-py,Python
labelmeai/labelme,Python
Netflix/eureka,Java
xgrommx/awesome-redux,
mobile-shell/mosh,C++
subquery/subql,TypeScript
RustPython/RustPython,Rust
BuilderIO/gpt-crawler,TypeScript
LunarVim/LunarVim,Lua
lit/lit,TypeScript
nondanee/UnblockNeteaseMusic,JavaScript
shadcn-ui/taxonomy,TypeScript
flutter/plugins,Dart
matryer/xbar,Go
aFarkas/lazysizes,JavaScript
grpc-ecosystem/grpc-gateway,Go
spotify/luigi,Python
nfl/react-helmet,JavaScript
liriliri/eruda,JavaScript
qarmin/czkawka,Rust
DapperLib/Dapper,C#
pmndrs/jotai,TypeScript
Tencent/tinker,Java
less/less.js,JavaScript
LMAX-Exchange/disruptor,Java
hzlzh/Best-App,
zellij-org/zellij,Rust
qmk/qmk_firmware,C
vllm-project/vllm,Python
wangeditor-team/wangEditor,TypeScript
bmorelli25/Become-A-Full-Stack-Web-Developer,
CopyTranslator/CopyTranslator,TypeScript
facebook/yoga,C++
nostra13/Android-Universal-Image-Loader,Java
reddit-archive/reddit,Python
sweetalert2/sweetalert2,JavaScript
SigNoz/signoz,TypeScript
afshinea/stanford-cs-229-machine-learning,
Z-Siqi/Clash-for-Windows_Chinese,JavaScript
mdx-js/mdx,JavaScript
DioxusLabs/dioxus,Rust
dolthub/dolt,Go
frappe/erpnext,Python
shuzheng/zheng,Java
twitter/twemoji,HTML
easychen/howto-make-more-money,PHP
winterbe/java8-tutorial,Java
ElemeFE/mint-ui,Vue
kubernetes/ingress-nginx,Go
browsh-org/browsh,JavaScript
twitter/typeahead.js,JavaScript
alsotang/node-lessons,JavaScript
deviantony/docker-elk,Shell
JetBrains/intellij-community,
djsime1/awesome-flipperzero,
flutter/samples,Dart
Rigellute/spotify-tui,Rust
plotly/plotly.js,JavaScript
lottie-react-native/lottie-react-native,Kotlin
myshell-ai/OpenVoice,Python
mlc-ai/mlc-llm,Python
briannesbitt/Carbon,PHP
instillai/TensorFlow-Course,Jupyter Notebook
thedaviddias/Front-End-Performance-Checklist,
xx025/carrot,
commitizen/cz-cli,JavaScript
binux/pyspider,Python
vectordotdev/vector,Rust
nickbutcher/plaid,Kotlin
ruanyf/react-demos,JavaScript
dvajs/dva,JavaScript
google/cadvisor,Go
emilwallner/Screenshot-to-code,HTML
containerd/containerd,Go
sismo-core/sismo-badges,TypeScript
tailscale/tailscale,Go
alievk/avatarify-python,Python
QL-Win/QuickLook,C#
vulhub/vulhub,Dockerfile
duckdb/duckdb,C++
ashishpatel26/500-AI-Machine-learning-Deep-learning-Computer-vision-NLP-Projects-with-code,
conventional-changelog/commitlint,TypeScript
netchx/netch,C#
lxgw/LxgwWenKai,Batchfile
liabru/matter-js,JavaScript
MarlinFirmware/Marlin,C++
Stability-AI/StableLM,Jupyter Notebook
fatih/vim-go,Vim Script
tokio-rs/axum,Rust
LiLittleCat/awesome-free-chatgpt,Python
ipfs/kubo,Go
ether/etherpad-lite,JavaScript
dubinc/dub,TypeScript
wilsonfreitas/awesome-quant,Python
altercation/solarized,Vim Script
terrastruct/d2,Go
Mikubill/sd-webui-controlnet,Python
openai/gpt-3,
dyc87112/SpringBoot-Learning,Java
spf13/spf13-vim,Vim Script
helm/charts,Go
dream-num/Luckysheet,JavaScript
thunlp/GNNPapers,
thingsboard/thingsboard,Java
SimulatedGREG/electron-vue,JavaScript
web3/web3.js,TypeScript
leiurayer/downkyi,C#
langgenius/dify,Python
adam-golab/react-developer-roadmap,JavaScript
chokcoco/iCSS,CSS
gentilkiwi/mimikatz,C
darkreader/darkreader,TypeScript
Prinzhorn/skrollr,HTML
Lissy93/web-check,TypeScript
hemanth/functional-programming-jargon,
trojan-gfw/trojan,C++
warpdotdev/Warp,
google/web-starter-kit,HTML
motdotla/dotenv,JavaScript
you-dont-need/You-Dont-Need-Lodash-Underscore,JavaScript
fanmingming/live,JavaScript
chatwoot/chatwoot,Ruby
antonmedv/fx,Go
AlDanial/cloc,Perl
huggingface/datasets,Python
Nyr/openvpn-install,Shell
bcit-ci/CodeIgniter,PHP
realm/SwiftLint,Swift
buger/goreplay,Go
be5invis/Iosevka,JavaScript
mojs/mojs,CoffeeScript
openjdk/jdk,Java
swoole/swoole-src,C++
HelloZeroNet/ZeroNet,JavaScript
lin-xin/vue-manage-system,Vue
cloudflare/pingora,Rust
facebook/relay,Rust
google/flexbox-layout,Kotlin
OI-wiki/OI-wiki,TypeScript
microsoft/unilm,Python
tloen/alpaca-lora,Jupyter Notebook
ossu/data-science,
ManimCommunity/manim,Python
magic-wormhole/magic-wormhole,Python
squidfunk/mkdocs-material,HTML
yanue/V2rayU,
Delgan/loguru,Python
framework7io/framework7,JavaScript
recommenders-team/recommenders,Python
pqrs-org/Karabiner-Elements,C++
appium/appium,JavaScript
amark/gun,JavaScript
vitessio/vitess,Go
reduxjs/redux-thunk,TypeScript
dotnet/corefx,
forezp/SpringCloudLearning,Java
lllyasviel/style2paints,JavaScript
fchollet/deep-learning-with-python-notebooks,Jupyter Notebook
Sycnex/Windows10Debloater,PowerShell
handlebars-lang/handlebars.js,JavaScript
microsoft/semantic-kernel,C#
usebruno/bruno,JavaScript
GoogleContainerTools/distroless,Starlark
npm/npm,
teambit/bit,TypeScript
wulkano/Kap,TypeScript
Olshansk/interview,
reactnativecn/react-native-guide,
darius-khll/golang-developer-roadmap,
microsoft/CNTK,C++
programthink/books,
google/fonts,HTML
allinurl/goaccess,C
chromium/chromium,
youzan/vant-weapp,JavaScript
facebookarchive/flux,JavaScript
haoel/leetcode,C++
lit/lit,TypeScript
ionic-team/ionicons,TypeScript
css-modules/css-modules,
auth0/node-jsonwebtoken,JavaScript
JedWatson/classnames,JavaScript
fengdu78/deeplearning_ai_books,HTML
julianshapiro/velocity,JavaScript
xbmc/xbmc,C++
nfl/react-helmet,JavaScript
oblador/react-native-vector-icons,JavaScript
miloyip/game-programmer,Python
tabler/tabler-icons,JavaScript
emotion-js/emotion,JavaScript
qarmin/czkawka,Rust
qax-os/excelize,Go
jtoy/awesome-tensorflow,
Tencent/mars,C++
BoostIO/BoostNote-Legacy,JavaScript
joewalnes/websocketd,Go
material-components/material-components-web,TypeScript
NVIDIA/nvidia-docker,
nndl/nndl.github.io,HTML
imarvinle/awesome-cs-books,
facebook/fresco,Java
Tencent/tinker,Java
joke2k/faker,Python
quantopian/zipline,Python
markdown-it/markdown-it,JavaScript
d2l-ai/d2l-en,Python
zhaoolee/ChromeAppHeroes,JavaScript
postcss/autoprefixer,JavaScript
containers/podman,Go
dotnet/maui,C#
notepad-plus-plus/notepad-plus-plus,C++
shimohq/chinese-programmer-wrong-pronunciation,JavaScript
chalk/chalk,JavaScript
microsoft/vcpkg,CMake
mouredev/Hello-Python,Python
julycoding/The-Art-Of-Programming-By-July-2nd,C
wesm/pydata-book,Jupyter Notebook
git-tips/tips,JavaScript
IceWhaleTech/CasaOS,Go
Swordfish90/cool-retro-term,QML
ruanyf/es6tutorial,JavaScript
aquasecurity/trivy,Go
luong-komorebi/Awesome-Linux-Software,Python
gorilla/websocket,Go
valinet/ExplorerPatcher,C
SwiftGGTeam/the-swift-programming-language-in-chinese,CSS
paularmstrong/normalizr,JavaScript
mindsdb/mindsdb,Python
checkcheckzz/system-design-interview,
deepinsight/insightface,Python
ColorlibHQ/gentelella,HTML
koekeishiya/yabai,C
openai/gpt-2,Python
SamyPesse/How-to-Make-a-Computer-Operating-System,C
eip-work/kuboard-press,JavaScript
Anuken/Mindustry,Java
FallibleInc/security-guide-for-developers,
n0shake/Public-APIs,
drduh/macOS-Security-and-Privacy-Guide,Python
fingerprintjs/fingerprintjs,TypeScript
openai/chatgpt-retrieval-plugin,Python
typicode/lowdb,JavaScript
processing/p5.js,JavaScript
Seldaek/monolog,PHP
GoogleChromeLabs/squoosh,TypeScript
MLEveryday/100-Days-Of-ML-Code,Jupyter Notebook
JohnCoates/Aerial,Swift
elunez/eladmin,Java
apache/mxnet,C++
xyflow/xyflow,TypeScript
cloudreve/Cloudreve,Go
avajs/ava,JavaScript
FelisCatus/SwitchyOmega,CoffeeScript
hapijs/joi,JavaScript
fastai/fastbook,Jupyter Notebook
RVC-Boss/GPT-SoVITS,Python
phoenixframework/phoenix,Elixir
pubkey/rxdb,TypeScript
Homebrew/homebrew-cask,Ruby
PHPMailer/PHPMailer,PHP
Budibase/budibase,TypeScript
dandavison/delta,Rust
petkaantonov/bluebird,JavaScript
WZMIAOMIAO/deep-learning-for-image-processing,Python
kamranahmedse/driver.js,TypeScript
EnterpriseQualityCoding/FizzBuzzEnterpriseEdition,Java
Stirling-Tools/Stirling-PDF,Java
palantir/blueprint,TypeScript
camsong/You-Dont-Need-jQuery,JavaScript
asdf-vm/asdf,Shell
hiroi-sora/Umi-OCR,QML
nikitavoloboev/config,Shell
nostalgic-css/NES.css,SCSS
dylanaraps/neofetch,Shell
SpaceVim/SpaceVim,
NaiboWang/EasySpider,JavaScript
kingToolbox/WindTerm,C
actix/actix-web,Rust
nginx/nginx,C
gorilla/mux,Go
BuilderIO/qwik,TypeScript
dennybritz/reinforcement-learning,Jupyter Notebook
saleor/saleor,Python
didi/DoKit,Java
graphql/graphql-js,TypeScript
GrapesJS/grapesjs,TypeScript
jsdom/jsdom,JavaScript
ReactiveX/RxAndroid,Java
davideuler/architecture.of.internet-product,HTML
jina-ai/jina,Python
sqlitebrowser/sqlitebrowser,C++
getcursor/cursor,
flipped-aurora/gin-vue-admin,Go
sst/sst,TypeScript
Popmotion/popmotion,JavaScript
google/eng-practices,
movie-web/movie-web,TypeScript
TheAlgorithms/Rust,Rust
SortableJS/Vue.Draggable,JavaScript
521xueweihan/GitHub520,Python
ScoopInstaller/Scoop,PowerShell
facebookarchive/pop,Objective-C++
semantic-release/semantic-release,JavaScript
AmruthPillai/Reactive-Resume,TypeScript
zulip/zulip,Python
itwanger/toBeBetterJavaer,Java
Zulko/moviepy,Python
GoogleCloudPlatform/terraformer,Go
visenger/awesome-mlops,
go-martini/martini,Go
python-pillow/Pillow,Python
atomiks/tippyjs,JavaScript
direnv/direnv,Go
Tim9Liu9/TimLiu-iOS,
kubernetes/community,Jupyter Notebook
google-deepmind/alphafold,Python
redis/jedis,Java
nextapps-de/flexsearch,JavaScript
launchbadge/sqlx,Rust
allenwong/30DaysofSwift,Swift
languagetool-org/languagetool,Java
PHPOffice/PHPExcel,PHP
wasabeef/recyclerview-animators,Kotlin
BlinkDL/RWKV-LM,Python
dair-ai/ml-visuals,
dimsemenov/Magnific-Popup,JavaScript
karpathy/char-rnn,Lua
Gallopsled/pwntools,Python
onivim/oni,TypeScript
janeczku/calibre-web,Python
FreeTubeApp/FreeTube,JavaScript
tinode/chat,Go
scottjehl/Respond,JavaScript
HabitRPG/habitica,JavaScript
MorvanZhou/tutorials,Python
git-up/GitUp,Objective-C
soumith/ganhacks,
THUDM/ChatGLM3,Python
bpampuch/pdfmake,JavaScript
ctgk/PRML,Jupyter Notebook
picturepan2/spectre,CSS
noodle-run/noodle,TypeScript
pytest-dev/pytest,Python
opencv/cvat,TypeScript
serverless/examples,JavaScript
mayswind/AriaNg,JavaScript
AstroNvim/AstroNvim,Lua
magento/magento2,PHP
Sairyss/domain-driven-hexagon,TypeScript
openai/shap-e,Python
doctrine/inflector,PHP
soulmachine/leetcode,TeX
spencermountain/compromise,JavaScript
apple/turicreate,C++
bbfamily/abu,Python
jaredpalmer/tsdx,JavaScript
maurosoria/dirsearch,Python
jupyter/notebook,Jupyter Notebook
microsoft/TypeScript-React-Starter,TypeScript
aws/aws-cdk,TypeScript
jaredpalmer/razzle,JavaScript
androidannotations/androidannotations,Java
NVIDIA/FastPhotoStyle,Python
jojoldu/junior-recruit-scheduler,JavaScript
z-song/laravel-admin,PHP
openresty/lua-nginx-module,C
Jackett/Jackett,C#
pointfreeco/swift-composable-architecture,Swift
faker-ruby/faker,Ruby
acdlite/react-fiber-architecture,
HeyPuter/puter,JavaScript
MatrixTM/MHDDoS,Python
facebook/react-devtools,
plasma-umass/scalene,Python
Shopify/dashing,JavaScript
metafizzy/isotope,HTML
react-icons/react-icons,TypeScript
debug-js/debug,JavaScript
darlinghq/darling,Objective-C
alyssaxuu/flowy,JavaScript
vuejs/vue-hackernews-2.0,JavaScript
lingochamp/FileDownloader,Java
rshipp/awesome-malware-analysis,
EZLippi/Tinyhttpd,C
ImageMagick/ImageMagick,C
ritchieng/the-incredible-pytorch,
rootsongjc/kubernetes-handbook,Shell
doctrine/instantiator,PHP
yargs/yargs,JavaScript
kusti8/proton-native,TypeScript
0voice/from_coder_to_expert,
graphdeco-inria/gaussian-splatting,Python
fdehau/tui-rs,Rust
withspectrum/spectrum,JavaScript
futurice/ios-good-practices,
newbee-ltd/newbee-mall,Java
NVlabs/stylegan2,Python
inversify/InversifyJS,TypeScript
GoogleChromeLabs/comlink,TypeScript
FormidableLabs/victory,TypeScript
lucidrains/DALLE2-pytorch,Python
kefranabg/readme-md-generator,JavaScript
qazbnm456/awesome-web-security,
heynickc/awesome-ddd,
restify/node-restify,JavaScript
tariqbuilds/linux-dash,JavaScript
ksky521/nodeppt,JavaScript
chromedp/chromedp,Go
deployphp/deployer,PHP
aws/chalice,Python
clojure/clojure,Java
gregberge/svgr,TypeScript
react-dropzone/react-dropzone,JavaScript
cyclejs/cyclejs,TypeScript
k4m4/movies-for-hackers,Shell
p0deje/Maccy,Swift
coolwanglu/pdf2htmlEX,HTML
metafizzy/zdog,JavaScript
x-hw/amazing-qr,Python
Ramotion/folding-cell,Swift
w7corp/easywechat,PHP
getumbrel/llama-gpt,TypeScript
therecipe/qt,Go
ConnorAtherton/loaders.css,CSS
cockpit-project/cockpit,C
electerm/electerm,JavaScript
pytube/pytube,Python
kgrzybek/modular-monolith-with-ddd,C#
Mrs4s/go-cqhttp,Go
wsdjeg/vim-galore-zh_cn,
cmiscm/leonsans,JavaScript
James-Yu/LaTeX-Workshop,TypeScript
Johnshall/Shadowrocket-ADBlock-Rules-Forever,
acornjs/acorn,JavaScript
prometheus/node_exporter,Go
JoeyDeVries/LearnOpenGL,C++
JakeWharton/ViewPagerIndicator,Java
YOURLS/YOURLS,PHP
pagekit/vue-resource,JavaScript
rayon-rs/rayon,Rust
Snapchat/KeyDB,C++
MSWorkers/support.996.ICU,
vercel/commerce,TypeScript
oh-my-fish/oh-my-fish,Shell
akveo/react-native-ui-kitten,TypeScript
szimek/signature_pad,TypeScript
tsayen/dom-to-image,JavaScript
Manisso/fsociety,Python
google/go-github,Go
askmike/gekko,JavaScript
Nozbe/WatermelonDB,JavaScript
shirou/gopsutil,Go
luanfujun/deep-photo-styletransfer,MATLAB
keplergl/kepler.gl,TypeScript
forkingdog/UITableView-FDTemplateLayoutCell,Objective-C
mikf/gallery-dl,Python
DaveGamble/cJSON,C
cuixiaorui/mini-vue,TypeScript
mytechnotalent/Reverse-Engineering,Assembly
alcatraz/Alcatraz,Objective-C
alexjc/neural-doodle,Python
Activiti/Activiti,Java
vuematerial/vue-material,Vue
ZachGoldberg/Startup-CTO-Handbook,
xdissent/ievms,Shell
go-task/task,Go
boardgameio/boardgame.io,TypeScript
audreyfeldroy/favicon-cheat-sheet,
huangzworks/redis-3.0-annotated,C
thumbor/thumbor,Python
aristocratos/bpytop,Python
veeral-patel/how-to-secure-anything,
gka/chroma.js,JavaScript
googlesamples/easypermissions,Java
pingcap/talent-plan,Rust
adnanh/webhook,Go
kanaka/mal,Assembly
unicodeveloper/awesome-nextjs,
senchalabs/connect,JavaScript
benbjohnson/litestream,Go
DevExpress/testcafe,JavaScript
gitbutlerapp/gitbutler,TypeScript
cytoscape/cytoscape.js,JavaScript
citusdata/citus,C
mvt-project/mvt,Python
dunovank/jupyter-themes,CSS
ziahamza/webui-aria2,JavaScript
bluenviron/mediamtx,Go
JakeWharton/RxBinding,Kotlin
gomodule/redigo,Go
greatghoul/remote-working,Ruby
nbedos/termtosvg,Python
rivo/tview,Go
tennc/webshell,PHP
FormidableLabs/spectacle,TypeScript
trimstray/the-practical-linux-hardening-guide,
rough-stuff/wired-elements,TypeScript
symfony/console,PHP
rolling-scopes/rsschool-app,TypeScript
biomejs/biome,Rust
cefsharp/CefSharp,C#
hadolint/hadolint,Haskell
sourcegraph/sourcegraph,Go
CleverRaven/Cataclysm-DDA,C++
protobufjs/protobuf.js,JavaScript
